{"type": "metrics", "dataset": "train", "precision": 0.9753199268738574, "balanced_accuracy": 0.8360980564443906, "recall": 0.6771736830971018, "f1_score": 0.7993507304282682}
{"type": "metrics", "dataset": "test", "precision": 0.6589347079037801, "balanced_accuracy": 0.6728972877401089, "recall": 0.4017810371922472, "f1_score": 0.4991864627399935}
{"type": "cm_matrix", "dataset": "train", "true_0": {"predicted_0": 16192, "predicted_1": 81}, "true_1": {"predicted_0": 1526, "predicted_1": 3201}}
{"type": "cm_matrix", "dataset": "test", "true_0": {"predicted_0": 6694, "predicted_1": 397}, "true_1": {"predicted_0": 1142, "predicted_1": 767}}
