{"type": "metrics", "dataset": "train", "precision": 0.9980136835135731, "balanced_accuracy": 0.9780395250173386, "recall": 0.9566321133911572, "f1_score": 0.9768848563404623}
{"type": "metrics", "dataset": "test", "precision": 0.6553191489361702, "balanced_accuracy": 0.6731189441104599, "recall": 0.4033525405971713, "f1_score": 0.4993514915693904}
{"type": "cm_matrix", "dataset": "train", "true_0": {"predicted_0": 16264, "predicted_1": 9}, "true_1": {"predicted_0": 205, "predicted_1": 4522}}
{"type": "cm_matrix", "dataset": "test", "true_0": {"predicted_0": 6686, "predicted_1": 405}, "true_1": {"predicted_0": 1139, "predicted_1": 770}}
